"Everybody's Whole Foods","Everybody's Whole Foods","501 N 2nd St., Fairfield, Iowa 52556","(641) 472-5199","ewfemployees@gmail.com",161.00,
"Grill Masters Club","Grill Masters Club","6487 Afermatto St., Las Vegas, Nevada 89131",,"info@grillmastersclub.com",0.00,
"Lowe's Food Tyron Road Cary","Lowe's Food Tyron Road Cary","6430 Tryon Road, Cary, NC 27513, Wake","(919) 859-9335",,0.00,
"Lowe's Foods Apex","Lowe's Foods Apex","5400 Apex Peakway, Apex, North Carolina 27502, Wake","(919) 363-5376",,0.00,
"Lowe's Foods Brier Creek Raleigh","Lowe's Foods Brier Creek Raleigh","8100 Brier Creek Parkway, Raleigh, NC 27617, Wake","(919) 293-0294",,0.00,
"Lowe's Foods Capital Blvd. Wake Forest","Lowe's Foods Capital Blvd. Wake Forest","12524 Capital Blvd., Wake Forest, NC 27588, Wake","(919) 562-5020","PBrown@lowesfoods.com",0.00,
"Lowe's Foods Chapel Hill","Lowe's Foods Chapel Hill","11312 Highway 15 501 N., Chapel Hill, NC 27514, Chatham","(919) 969-1464","PBrown@lowesfoods.com",0.00,
"Lowe's Foods Cornerstone Commons Raleigh","Lowe's Foods Cornerstone Commons Raleigh","8201 Rowlock Way, Cornerstone Commons, Raleigh, NC 27612, Wake","(919) 792-0304","PBrown@lowesfoods.com",0.00,
"Lowe's Foods Gateway Commons Circle Wake Forest","Lowe's Foods Gateway Commons Circle Wake Forest","932 Gateway Commons Circle, Wake Forest, NC 27587, Wake","(919) 554-0537","PBrown@lowesfoods.com",0.00,
"Lowe's Foods High House Road Cary","Lowe's Foods High House Road Cary","930 High House Road, Cary, NC 27513, Wake","(919) 467-4441",,0.00,
"Lowe's Foods Holly Springs","Lowe's Foods Holly Springs","112 Bass Lake Road, Holly Springs, NC 27540, Wake","(919) 577-6971",,0.00,
"Lowe's Foods Louisburg","Lowe's Foods Louisburg","115 South Bickett Blvd., Louisburg, NC 27549, Franklin","(919) 496-9874","Lfs22dsd@lowesdoods.com",0.00,
"Lowe's Foods Louisburg Road Raleigh","Lowe's Foods Louisburg Road Raleigh","8440 Louisburg Road, Suite 110, Raleigh, NC 27616, Wake","(919) 266-1031",,0.00,
"Lowe's Foods NC Hwy 42 West Raleigh","Lowe's Foods NC Hwy 42 West Raleigh","7281 NC Hwy 42 West, Raleigh, NC 27603, Johnston","(919) 329-6692",,0.00,
"Lowe's Foods Strickland Road Raleigh","Lowe's Foods Strickland Road Raleigh","9600 Strickland Road, Raleigh, NC 27615, Wake","(919) 847-5661","PBrown@lowesfoods.com",0.00,
"Lowes Foods",,,,,0.00,
"NC General Stores","NC General Stores","150 S White St, Wake Forest, NC 27587","(919) 302-2289",,0.00,
"Noemonde","Noemonde","3817 Beryl Rd, Raleigh, NC 27607","(919) 828-1628","Ashraf@neomonde.com",0.00,
"Savory Spice Shop","Savory Spice Shop","8470 Honeycutt Rd #108, Raleigh, North Carolina 27615, United States",,,0.00,
"Southern Seasons","Southern Seasons",,,"khunt@southernseason.com",431.28,
"The Butchers Market","The Butchers Market","1225 Kildaire Farm Rd, Cary, North Carolina 27511, United States",,,0.00,
"The Butchers Market (Raleigh)","The Butchers Market (Raleigh)","5045 Falls of Neuse Rd, Raleigh, North Carolina 27609","(919) 809-8914","raleigh@thebutchers-market.com",0.00,
"The Produce Box","The Produce Box",,,,0.00,
"Vom Fass","Vom Fass","316 Colonades Way #209, Cary, NC 27518","(919) 977-6745","julie.ginsler@gmail.com",0.00,
"Whole Foods",,,,,0.00,
